<?xml version="1.0"?>
<!--<!DOCTYPE metadata SYSTEM "http://www.esri.com/metadata/esriprof80.dtd">-->
<metadata xml:lang="pt"><Esri><MetaID>{9DD31160-D622-44E4-BF2E-CEA370979695}</MetaID><CreaDate>20120719</CreaDate><CreaTime>11050200</CreaTime><SyncOnce>FALSE</SyncOnce><SyncDate>20120911</SyncDate><SyncTime>23204900</SyncTime><ModDate>20120911</ModDate><ModTime>23204900</ModTime><DataProperties><lineage><Process ToolSource="C:\Program Files (x86)\ArcGIS\ArcToolbox\Toolboxes\Conversion Tools.tbx\FeatureClassToFeatureClass" Date="20120719" Time="110511">FeatureClassToFeatureClass C:\Users\George\Desktop\gadm_v2_shp\gadm2.shp E:\PROJETOS\plenno\pleno.rotas\pleno.rotas\gis\gdb\master.gdb\base distritos ""ISO" ='BRA'" "OBJECTID 'OBJECTID' true true false 9 Long 0 9 ,First,#,C:\Users\George\Desktop\gadm_v2_shp\gadm2.shp,OBJECTID,-1,-1;ID_0 'ID_0' true true false 9 Long 0 9 ,First,#,C:\Users\George\Desktop\gadm_v2_shp\gadm2.shp,ID_0,-1,-1;ISO 'ISO' true true false 3 Text 0 0 ,First,#,C:\Users\George\Desktop\gadm_v2_shp\gadm2.shp,ISO,-1,-1;NAME_0 'NAME_0' true true false 75 Text 0 0 ,First,#,C:\Users\George\Desktop\gadm_v2_shp\gadm2.shp,NAME_0,-1,-1;ID_1 'ID_1' true true false 9 Long 0 9 ,First,#,C:\Users\George\Desktop\gadm_v2_shp\gadm2.shp,ID_1,-1,-1;NAME_1 'NAME_1' true true false 75 Text 0 0 ,First,#,C:\Users\George\Desktop\gadm_v2_shp\gadm2.shp,NAME_1,-1,-1;VARNAME_1 'VARNAME_1' true true false 150 Text 0 0 ,First,#,C:\Users\George\Desktop\gadm_v2_shp\gadm2.shp,VARNAME_1,-1,-1;NL_NAME_1 'NL_NAME_1' true true false 50 Text 0 0 ,First,#,C:\Users\George\Desktop\gadm_v2_shp\gadm2.shp,NL_NAME_1,-1,-1;HASC_1 'HASC_1' true true false 15 Text 0 0 ,First,#,C:\Users\George\Desktop\gadm_v2_shp\gadm2.shp,HASC_1,-1,-1;CC_1 'CC_1' true true false 15 Text 0 0 ,First,#,C:\Users\George\Desktop\gadm_v2_shp\gadm2.shp,CC_1,-1,-1;TYPE_1 'TYPE_1' true true false 50 Text 0 0 ,First,#,C:\Users\George\Desktop\gadm_v2_shp\gadm2.shp,TYPE_1,-1,-1;ENGTYPE_1 'ENGTYPE_1' true true false 50 Text 0 0 ,First,#,C:\Users\George\Desktop\gadm_v2_shp\gadm2.shp,ENGTYPE_1,-1,-1;VALIDFR_1 'VALIDFR_1' true true false 25 Text 0 0 ,First,#,C:\Users\George\Desktop\gadm_v2_shp\gadm2.shp,VALIDFR_1,-1,-1;VALIDTO_1 'VALIDTO_1' true true false 25 Text 0 0 ,First,#,C:\Users\George\Desktop\gadm_v2_shp\gadm2.shp,VALIDTO_1,-1,-1;REMARKS_1 'REMARKS_1' true true false 125 Text 0 0 ,First,#,C:\Users\George\Desktop\gadm_v2_shp\gadm2.shp,REMARKS_1,-1,-1;ID_2 'ID_2' true true false 9 Long 0 9 ,First,#,C:\Users\George\Desktop\gadm_v2_shp\gadm2.shp,ID_2,-1,-1;NAME_2 'NAME_2' true true false 75 Text 0 0 ,First,#,C:\Users\George\Desktop\gadm_v2_shp\gadm2.shp,NAME_2,-1,-1;VARNAME_2 'VARNAME_2' true true false 150 Text 0 0 ,First,#,C:\Users\George\Desktop\gadm_v2_shp\gadm2.shp,VARNAME_2,-1,-1;NL_NAME_2 'NL_NAME_2' true true false 75 Text 0 0 ,First,#,C:\Users\George\Desktop\gadm_v2_shp\gadm2.shp,NL_NAME_2,-1,-1;HASC_2 'HASC_2' true true false 15 Text 0 0 ,First,#,C:\Users\George\Desktop\gadm_v2_shp\gadm2.shp,HASC_2,-1,-1;CC_2 'CC_2' true true false 15 Text 0 0 ,First,#,C:\Users\George\Desktop\gadm_v2_shp\gadm2.shp,CC_2,-1,-1;TYPE_2 'TYPE_2' true true false 50 Text 0 0 ,First,#,C:\Users\George\Desktop\gadm_v2_shp\gadm2.shp,TYPE_2,-1,-1;ENGTYPE_2 'ENGTYPE_2' true true false 50 Text 0 0 ,First,#,C:\Users\George\Desktop\gadm_v2_shp\gadm2.shp,ENGTYPE_2,-1,-1;VALIDFR_2 'VALIDFR_2' true true false 25 Text 0 0 ,First,#,C:\Users\George\Desktop\gadm_v2_shp\gadm2.shp,VALIDFR_2,-1,-1;VALIDTO_2 'VALIDTO_2' true true false 25 Text 0 0 ,First,#,C:\Users\George\Desktop\gadm_v2_shp\gadm2.shp,VALIDTO_2,-1,-1;REMARKS_2 'REMARKS_2' true true false 100 Text 0 0 ,First,#,C:\Users\George\Desktop\gadm_v2_shp\gadm2.shp,REMARKS_2,-1,-1;ID_3 'ID_3' true true false 9 Long 0 9 ,First,#,C:\Users\George\Desktop\gadm_v2_shp\gadm2.shp,ID_3,-1,-1;NAME_3 'NAME_3' true true false 75 Text 0 0 ,First,#,C:\Users\George\Desktop\gadm_v2_shp\gadm2.shp,NAME_3,-1,-1;VARNAME_3 'VARNAME_3' true true false 100 Text 0 0 ,First,#,C:\Users\George\Desktop\gadm_v2_shp\gadm2.shp,VARNAME_3,-1,-1;NL_NAME_3 'NL_NAME_3' true true false 75 Text 0 0 ,First,#,C:\Users\George\Desktop\gadm_v2_shp\gadm2.shp,NL_NAME_3,-1,-1;HASC_3 'HASC_3' true true false 25 Text 0 0 ,First,#,C:\Users\George\Desktop\gadm_v2_shp\gadm2.shp,HASC_3,-1,-1;TYPE_3 'TYPE_3' true true false 50 Text 0 0 ,First,#,C:\Users\George\Desktop\gadm_v2_shp\gadm2.shp,TYPE_3,-1,-1;ENGTYPE_3 'ENGTYPE_3' true true false 50 Text 0 0 ,First,#,C:\Users\George\Desktop\gadm_v2_shp\gadm2.shp,ENGTYPE_3,-1,-1;VALIDFR_3 'VALIDFR_3' true true false 25 Text 0 0 ,First,#,C:\Users\George\Desktop\gadm_v2_shp\gadm2.shp,VALIDFR_3,-1,-1;VALIDTO_3 'VALIDTO_3' true true false 25 Text 0 0 ,First,#,C:\Users\George\Desktop\gadm_v2_shp\gadm2.shp,VALIDTO_3,-1,-1;REMARKS_3 'REMARKS_3' true true false 50 Text 0 0 ,First,#,C:\Users\George\Desktop\gadm_v2_shp\gadm2.shp,REMARKS_3,-1,-1;ID_4 'ID_4' true true false 9 Long 0 9 ,First,#,C:\Users\George\Desktop\gadm_v2_shp\gadm2.shp,ID_4,-1,-1;NAME_4 'NAME_4' true true false 100 Text 0 0 ,First,#,C:\Users\George\Desktop\gadm_v2_shp\gadm2.shp,NAME_4,-1,-1;VARNAME_4 'VARNAME_4' true true false 100 Text 0 0 ,First,#,C:\Users\George\Desktop\gadm_v2_shp\gadm2.shp,VARNAME_4,-1,-1;TYPE4 'TYPE4' true true false 25 Text 0 0 ,First,#,C:\Users\George\Desktop\gadm_v2_shp\gadm2.shp,TYPE4,-1,-1;ENGTYPE4 'ENGTYPE4' true true false 25 Text 0 0 ,First,#,C:\Users\George\Desktop\gadm_v2_shp\gadm2.shp,ENGTYPE4,-1,-1;TYPE_4 'TYPE_4' true true false 35 Text 0 0 ,First,#,C:\Users\George\Desktop\gadm_v2_shp\gadm2.shp,TYPE_4,-1,-1;ENGTYPE_4 'ENGTYPE_4' true true false 35 Text 0 0 ,First,#,C:\Users\George\Desktop\gadm_v2_shp\gadm2.shp,ENGTYPE_4,-1,-1;VALIDFR_4 'VALIDFR_4' true true false 25 Text 0 0 ,First,#,C:\Users\George\Desktop\gadm_v2_shp\gadm2.shp,VALIDFR_4,-1,-1;VALIDTO_4 'VALIDTO_4' true true false 25 Text 0 0 ,First,#,C:\Users\George\Desktop\gadm_v2_shp\gadm2.shp,VALIDTO_4,-1,-1;REMARKS_4 'REMARKS_4' true true false 50 Text 0 0 ,First,#,C:\Users\George\Desktop\gadm_v2_shp\gadm2.shp,REMARKS_4,-1,-1;ID_5 'ID_5' true true false 9 Long 0 9 ,First,#,C:\Users\George\Desktop\gadm_v2_shp\gadm2.shp,ID_5,-1,-1;NAME_5 'NAME_5' true true false 75 Text 0 0 ,First,#,C:\Users\George\Desktop\gadm_v2_shp\gadm2.shp,NAME_5,-1,-1;TYPE_5 'TYPE_5' true true false 25 Text 0 0 ,First,#,C:\Users\George\Desktop\gadm_v2_shp\gadm2.shp,TYPE_5,-1,-1;ENGTYPE_5 'ENGTYPE_5' true true false 25 Text 0 0 ,First,#,C:\Users\George\Desktop\gadm_v2_shp\gadm2.shp,ENGTYPE_5,-1,-1;Shape_Leng 'Shape_Leng' true true false 19 Double 0 0 ,First,#,C:\Users\George\Desktop\gadm_v2_shp\gadm2.shp,Shape_Leng,-1,-1;Shape_Area 'Shape_Area' true true false 19 Double 0 0 ,First,#,C:\Users\George\Desktop\gadm_v2_shp\gadm2.shp,Shape_Area,-1,-1" # E:\PROJETOS\plenno\pleno.rotas\pleno.rotas\gis\gdb\master.gdb\base\distritos</Process><Process ToolSource="C:\Program Files (x86)\ArcGIS\ArcToolbox\Toolboxes\Data Management Tools.tbx\Dissolve" Date="20120719" Time="110818">Dissolve E:\PROJETOS\plenno\pleno.rotas\pleno.rotas\gis\gdb\master.gdb\base\distritos E:\PROJETOS\plenno\pleno.rotas\pleno.rotas\gis\gdb\master.gdb\base\distritos_Dissolve NAME_2 # MULTI_PART DISSOLVE_LINES</Process><Process ToolSource="C:\Program Files (x86)\ArcGIS\ArcToolbox\Toolboxes\Data Management Tools.tbx\CopyFeatures" Date="20120807" Time="110617">CopyFeatures E:\PROJETOS\plenno\pleno.rotas\pleno.rotas\gis\gdb\master.gdb\base\municipip E:\PROJETOS\plenno\pleno.rotas\pleno.rotas\gis\gdb\base.gdb\municipip # 0 0 0</Process><Process ToolSource="C:\Program Files (x86)\ArcGIS\ArcToolbox\Toolboxes\Conversion Tools.tbx\FeatureClassToFeatureClass" Date="20120911" Time="232050">FeatureClassToFeatureClass E:\PROJETOS\plenno\pleno.rotas\pleno.rotas\gis\gdb\base.gdb\municipip E:\PROJETOS\curso-postgis\data municipios.shp # "NAME_2 'NAME_2' true true false 75 Text 0 0 ,First,#,E:\PROJETOS\plenno\pleno.rotas\pleno.rotas\gis\gdb\base.gdb\municipip,NAME_2,-1,-1;Shape_Leng 'Shape_Length' false true true 8 Double 0 0 ,First,#,E:\PROJETOS\plenno\pleno.rotas\pleno.rotas\gis\gdb\base.gdb\municipip,Shape_Length,-1,-1;Shape_Area 'Shape_Area' false true true 8 Double 0 0 ,First,#,E:\PROJETOS\plenno\pleno.rotas\pleno.rotas\gis\gdb\base.gdb\municipip,Shape_Area,-1,-1" # E:\PROJETOS\curso-postgis\data\municipios.shp</Process></lineage></DataProperties></Esri><idinfo><native Sync="TRUE">Microsoft Windows Vista Version 6.1 (Build 7601) Service Pack 1; ESRI ArcCatalog 9.3.1.3000</native><descript><langdata Sync="TRUE">pt</langdata><abstract>REQUIRED: A brief narrative summary of the data set.</abstract><purpose>REQUIRED: A summary of the intentions with which the data set was developed.</purpose></descript><citation><citeinfo><origin>REQUIRED: The name of an organization or individual that developed the data set.</origin><pubdate>REQUIRED: The date when the data set is published or otherwise made available for release.</pubdate><title Sync="TRUE">municipios</title><ftname Sync="TRUE">municipios</ftname><geoform Sync="TRUE">vector digital data</geoform><onlink Sync="TRUE">\\ATLAS\E$\PROJETOS\curso-postgis\data\municipios.shp</onlink></citeinfo></citation><timeperd><current>REQUIRED: The basis on which the time period of content information is determined.</current><timeinfo><sngdate><caldate>REQUIRED: The year (and optionally month, or month and day) for which the data set corresponds to the ground.</caldate></sngdate></timeinfo></timeperd><status><progress>REQUIRED: The state of the data set.</progress><update>REQUIRED: The frequency with which changes and additions are made to the data set after the initial data set is completed.</update></status><spdom><bounding><westbc Sync="TRUE">REQUIRED: Western-most coordinate of the limit of coverage expressed in longitude.</westbc><eastbc Sync="TRUE">REQUIRED: Eastern-most coordinate of the limit of coverage expressed in longitude.</eastbc><northbc Sync="TRUE">REQUIRED: Northern-most coordinate of the limit of coverage expressed in latitude.</northbc><southbc Sync="TRUE">REQUIRED: Southern-most coordinate of the limit of coverage expressed in latitude.</southbc></bounding></spdom><keywords><theme><themekt>REQUIRED: Reference to a formally registered thesaurus or a similar authoritative source of theme keywords.</themekt><themekey>REQUIRED: Common-use word or phrase used to describe the subject of the data set.</themekey></theme></keywords><accconst>REQUIRED: Restrictions and legal prerequisites for accessing the data set.</accconst><useconst>REQUIRED: Restrictions and legal prerequisites for using the data set after access is granted.</useconst><natvform Sync="TRUE">Shapefile</natvform></idinfo><dataIdInfo><envirDesc Sync="TRUE">Microsoft Windows Vista Version 6.1 (Build 7601) Service Pack 1; ESRI ArcCatalog 9.3.1.3000</envirDesc><dataLang><languageCode Sync="TRUE" value="pt"></languageCode></dataLang><idCitation><resTitle Sync="TRUE">municipios</resTitle><presForm><PresFormCd Sync="TRUE" value="005"></PresFormCd></presForm></idCitation><spatRpType><SpatRepTypCd Sync="TRUE" value="001"></SpatRepTypCd></spatRpType></dataIdInfo><metainfo><langmeta Sync="TRUE">pt</langmeta><metstdn Sync="TRUE">FGDC Content Standards for Digital Geospatial Metadata</metstdn><metstdv Sync="TRUE">FGDC-STD-001-1998</metstdv><mettc Sync="TRUE">local time</mettc><metc><cntinfo><cntorgp><cntper>REQUIRED: The person responsible for the metadata information.</cntper><cntorg>REQUIRED: The organization responsible for the metadata information.</cntorg></cntorgp><cntaddr><addrtype>REQUIRED: The mailing and/or physical address for the organization or individual.</addrtype><city>REQUIRED: The city of the address.</city><state>REQUIRED: The state or province of the address.</state><postal>REQUIRED: The ZIP or other postal code of the address.</postal></cntaddr><cntvoice>REQUIRED: The telephone number by which individuals can speak to the organization or individual.</cntvoice></cntinfo></metc><metd Sync="TRUE">20120911</metd><metextns><onlink Sync="TRUE">http://www.esri.com/metadata/esriprof80.html</onlink><metprof Sync="TRUE">ESRI Metadata Profile</metprof></metextns></metainfo><mdLang><languageCode Sync="TRUE" value="pt"></languageCode></mdLang><mdStanName Sync="TRUE">ISO 19115 Geographic Information - Metadata</mdStanName><mdStanVer Sync="TRUE">DIS_ESRI1.0</mdStanVer><mdChar><CharSetCd Sync="TRUE" value="004"></CharSetCd></mdChar><mdHrLv><ScopeCd Sync="TRUE" value="005"></ScopeCd></mdHrLv><mdHrLvName Sync="TRUE">dataset</mdHrLvName><distinfo><resdesc Sync="TRUE">Downloadable Data</resdesc><stdorder><digform><digtinfo><transize Sync="TRUE">0,000</transize><dssize Sync="TRUE">0,000</dssize></digtinfo></digform></stdorder></distinfo><distInfo><distributor><distorTran><onLineSrc><orDesc Sync="TRUE">002</orDesc><linkage Sync="TRUE">file://\\ATLAS\E$\PROJETOS\curso-postgis\data\municipios.shp</linkage><protocol Sync="TRUE">Local Area Network</protocol></onLineSrc><transSize Sync="TRUE">0,000</transSize></distorTran><distorFormat><formatName Sync="TRUE">Shapefile</formatName></distorFormat></distributor></distInfo><spdoinfo><direct Sync="TRUE">Vector</direct><ptvctinf><esriterm Name="municipios"><efeatyp Sync="TRUE">Simple</efeatyp><efeageom Sync="TRUE">Polygon</efeageom><esritopo Sync="TRUE">FALSE</esritopo><efeacnt Sync="TRUE">0</efeacnt><spindex Sync="TRUE">FALSE</spindex><linrefer Sync="TRUE">FALSE</linrefer></esriterm><sdtsterm Name="municipios"><sdtstype Sync="TRUE">G-polygon</sdtstype><ptvctcnt Sync="TRUE">0</ptvctcnt></sdtsterm></ptvctinf></spdoinfo><spref><horizsys><cordsysn><geogcsn Sync="TRUE">GCS_SIRGAS_2000</geogcsn></cordsysn><geograph><geogunit Sync="TRUE">Decimal degrees</geogunit><latres Sync="TRUE">0.000000</latres><longres Sync="TRUE">0.000000</longres></geograph><geodetic><horizdn Sync="TRUE">D_SIRGAS_2000</horizdn><ellips Sync="TRUE">Geodetic Reference System 80</ellips><semiaxis Sync="TRUE">6378137.000000</semiaxis><denflat Sync="TRUE">298.257222</denflat></geodetic></horizsys><vertdef><altsys><altenc Sync="TRUE">Explicit elevation coordinate included with horizontal coordinates</altenc><altres Sync="TRUE">0.000100</altres></altsys></vertdef></spref><refSysInfo><RefSystem><refSysID><identCode Sync="TRUE">GCS_SIRGAS_2000</identCode></refSysID></RefSystem></refSysInfo><spatRepInfo><VectSpatRep><topLvl><TopoLevCd Sync="TRUE" value="001"></TopoLevCd></topLvl><geometObjs Name="municipios"><geoObjTyp><GeoObjTypCd Sync="TRUE" value="001"></GeoObjTypCd></geoObjTyp><geoObjCnt Sync="TRUE">0</geoObjCnt></geometObjs></VectSpatRep></spatRepInfo><eainfo><detailed Name="municipios"><enttyp><enttypl Sync="TRUE">municipios</enttypl><enttypt Sync="TRUE">Feature Class</enttypt><enttypc Sync="TRUE">0</enttypc></enttyp><attr><attrlabl Sync="TRUE">FID</attrlabl><attalias Sync="TRUE">FID</attalias><attrtype Sync="TRUE">OID</attrtype><attwidth Sync="TRUE">4</attwidth><atprecis Sync="TRUE">0</atprecis><attscale Sync="TRUE">0</attscale><attrdef Sync="TRUE">Internal feature number.</attrdef><attrdefs Sync="TRUE">ESRI</attrdefs><attrdomv><udom Sync="TRUE">Sequential unique whole numbers that are automatically generated.</udom></attrdomv></attr><attr><attrlabl Sync="TRUE">Shape</attrlabl><attalias Sync="TRUE">Shape</attalias><attrtype Sync="TRUE">Geometry</attrtype><attwidth Sync="TRUE">0</attwidth><atprecis Sync="TRUE">0</atprecis><attscale Sync="TRUE">0</attscale><attrdef Sync="TRUE">Feature geometry.</attrdef><attrdefs Sync="TRUE">ESRI</attrdefs><attrdomv><udom Sync="TRUE">Coordinates defining the features.</udom></attrdomv></attr><attr><attrlabl Sync="TRUE">NAME_2</attrlabl><attalias Sync="TRUE">NAME_2</attalias><attrtype Sync="TRUE">String</attrtype><attwidth Sync="TRUE">75</attwidth></attr><attr><attrlabl Sync="TRUE">Shape_Leng</attrlabl><attalias Sync="TRUE">Shape_Leng</attalias><attrtype Sync="TRUE">Float</attrtype><attwidth Sync="TRUE">19</attwidth><atnumdec Sync="TRUE">11</atnumdec></attr><attr><attrlabl Sync="TRUE">Shape_Area</attrlabl><attalias Sync="TRUE">Shape_Area</attalias><attrtype Sync="TRUE">Float</attrtype><attwidth Sync="TRUE">19</attwidth><attrdef Sync="TRUE">Area of feature in internal units squared.</attrdef><attrdefs Sync="TRUE">ESRI</attrdefs><attrdomv><udom Sync="TRUE">Positive real numbers that are automatically generated.</udom></attrdomv><atnumdec Sync="TRUE">11</atnumdec></attr></detailed></eainfo><mdDateSt Sync="TRUE">20120911</mdDateSt></metadata>
